task,config,corr,mean_abs_shift,max_abs_shift,baseline_member_spread,std_ratio
dmax,A,1.0,0.0,0.0,0.04531760168790283,1.0
dmax,B,0.9998539707559566,0.013223192556666402,0.015262790688917671,0.04531760168790283,1.0199077510652397
dmax,C,0.9999997138196643,2.4066402419024423e-05,0.00013417644108026927,0.04531760168790283,1.0000120905311916
dmax,D,0.9998555619928073,0.013204867868611091,0.015249418065002018,0.04531760168790283,1.0199049687591204
pdc50,A,1.0,0.0,0.0,0.2350694594757593,1.0
pdc50,B,0.9999667138250415,0.18552029918533386,0.18824204685250834,0.2350694594757593,1.0399101685579004
pdc50,C,0.9999890183843557,0.003582296139073002,0.00805005951089477,0.2350694594757593,0.9997950543828769
pdc50,D,0.9999596272550894,0.18203094610977022,0.1870336993323214,0.2350694594757593,1.0397726166276544
activity,A,1.0,0.0,0.0,0.044399583624772504,1.0
activity,B,0.9996520448659303,0.014682555770010524,0.023016665260836622,0.044399583624772504,1.0693347510136864
activity,C,0.9971131497468679,0.0036135490711728556,0.01503599188395452,0.044399583624772504,0.9923954142405746
activity,D,0.9963877595703071,0.011835824269023984,0.023299533447828993,0.044399583624772504,1.0629424905787057
