path,stage,seconds,share,batch,task,commit,dirty
context,featurise,0.00024221683852374554,0.005267359250963639,256,dmax,cdfc4c4,True
context,transform,9.449203498661518e-05,0.0020548674388726836,256,dmax,cdfc4c4,True
context,model,0.04529684176668525,0.9850460437571735,256,dmax,cdfc4c4,True
context,aggregate,5.0274794921278955e-05,0.0010932989123831598,256,dmax,cdfc4c4,True
context,other,0.0003006664104759707,0.006538430640607079,256,dmax,cdfc4c4,True
context_nostd,featurise,0.00028448342345654964,0.006744476517397315,256,dmax,cdfc4c4,True
context_nostd,transform,0.00012530824169516564,0.002970782913396968,256,dmax,cdfc4c4,True
context_nostd,model,0.041062358766794205,0.9734982484625722,256,dmax,cdfc4c4,True
context_nostd,aggregate,6.131683476269245e-05,0.0014536873437241726,256,dmax,cdfc4c4,True
context_nostd,other,0.0006467408966273069,0.0153328047629094,256,dmax,cdfc4c4,True
records,encode,0.0011766832321882248,0.01127511515136155,256,dmax,cdfc4c4,True
records,featurise,0.00026328335516154764,0.002522811633308304,256,dmax,cdfc4c4,True
records,transform,0.0019491997547447682,0.018677458033359136,256,dmax,cdfc4c4,True
records,model,0.09896908299997449,0.9483332274347148,256,dmax,cdfc4c4,True
records,aggregate,6.183315999805928e-05,0.0005924925078214756,256,dmax,cdfc4c4,True
records,other,0.001941000856459138,0.018598895239434667,256,dmax,cdfc4c4,True
context,featurise,0.0003062001429498196,0.0027608640896745187,256,pdc50,cdfc4c4,True
context,transform,0.00013696649111807346,0.0012349630642680134,256,pdc50,cdfc4c4,True
context,model,0.10978565816767513,0.9898861518366084,256,pdc50,cdfc4c4,True
context,aggregate,4.240819253027439e-05,0.00038237492228743164,256,pdc50,cdfc4c4,True
context,other,0.0006361253559589441,0.0057356460871616465,256,pdc50,cdfc4c4,True
context_nostd,featurise,0.00024880836717784406,0.003903070750355645,256,pdc50,cdfc4c4,True
context_nostd,transform,9.150863625109195e-05,0.0014355010870726703,256,pdc50,cdfc4c4,True
context_nostd,model,0.06301910919137299,0.988584285119731,256,pdc50,cdfc4c4,True
context_nostd,aggregate,4.5300228521227837e-05,0.0007106272145552488,256,pdc50,cdfc4c4,True
context_nostd,other,0.00034209834411741413,0.005366515828285534,256,pdc50,cdfc4c4,True
records,encode,0.0011975666508078574,0.005736184455691226,256,pdc50,cdfc4c4,True
records,featurise,0.0002699083648622036,0.0012928250514818444,256,pdc50,cdfc4c4,True
records,transform,0.0025776252150535583,0.012346480825274968,256,pdc50,cdfc4c4,True
records,model,0.2014613336417824,0.9649729054155404,256,pdc50,cdfc4c4,True
records,aggregate,5.933339707553387e-05,0.00028419905462334,256,pdc50,cdfc4c4,True
records,other,0.003208315931260586,0.015367405197388237,256,pdc50,cdfc4c4,True
context,featurise,0.0002389002125710249,0.004390923166008681,256,activity,cdfc4c4,True
context,transform,9.32998489588499e-05,0.0017148267210383063,256,activity,cdfc4c4,True
context,model,0.05263903383165598,0.9674916175263636,256,activity,cdfc4c4,True
context,aggregate,3.999997861683369e-05,0.000735189102003374,256,activity,cdfc4c4,True
context,other,0.0013965076301246868,0.02566744348458603,256,activity,cdfc4c4,True
context_nostd,featurise,0.0002244497649371624,0.006262027951276049,256,activity,cdfc4c4,True
context_nostd,transform,0.00010099206119775772,0.0028176242922526244,256,activity,cdfc4c4,True
context_nostd,model,0.03465248327702284,0.9667856810747535,256,activity,cdfc4c4,True
context_nostd,aggregate,4.6625034883618355e-05,0.0013008134437217118,256,activity,cdfc4c4,True
context_nostd,other,0.0008184334263205487,0.02283385323799616,256,activity,cdfc4c4,True
records,encode,0.0012127167545258998,0.012079723430380378,256,activity,cdfc4c4,True
records,featurise,0.0002903168089687824,0.0028918102652127314,256,activity,cdfc4c4,True
records,transform,0.0018619001377373934,0.01854615979775721,256,activity,cdfc4c4,True
records,model,0.09470473425462841,0.9433422875326075,256,activity,cdfc4c4,True
records,aggregate,4.132483154535293e-05,0.0004116315982375263,256,activity,cdfc4c4,True
records,other,0.002281765500083577,0.022728387375804595,256,activity,cdfc4c4,True
