path,batch,seconds,us_per_mol,mol_per_s,task,commit,dirty
context+std,1,0.010406083893030882,10406.083893030882,96.09763002869079,dmax,cdfc4c4,True
context,1,0.0013148330617696047,1314.8330617696047,760.5528253557316,dmax,cdfc4c4,True
records,1,0.008644792018458247,8644.792018458247,115.67658283331896,dmax,cdfc4c4,True
matrix,1,0.008765249978750944,8765.249978750944,114.08687743352881,dmax,cdfc4c4,True
context+std,4,0.012937082909047604,3234.270727261901,309.18871186970466,dmax,cdfc4c4,True
context,4,0.008034334052354097,2008.5835130885243,497.86329195858883,dmax,cdfc4c4,True
records,4,0.014968291856348515,3742.0729640871286,267.2315611152034,dmax,cdfc4c4,True
matrix,4,0.013042667182162404,3260.666795540601,306.6857372141287,dmax,cdfc4c4,True
context+std,16,0.008069250034168363,504.32812713552266,1982.8360668277396,dmax,cdfc4c4,True
context,16,0.004625207977369428,289.07549858558923,3459.3039012053137,dmax,cdfc4c4,True
records,16,0.011256250087171793,703.5156304482371,1421.4325264711763,dmax,cdfc4c4,True
matrix,16,0.011018624994903803,688.6640621814877,1452.0868082360657,dmax,cdfc4c4,True
context+std,64,0.014427707996219397,225.43293744092807,4435.909017341522,dmax,cdfc4c4,True
context,64,0.00958166690543294,149.71354539738968,6679.422341817279,dmax,cdfc4c4,True
records,64,0.025726957945153117,401.98371789301746,2487.662946254297,dmax,cdfc4c4,True
matrix,64,0.02501037484034896,390.7871068804525,2558.93805704781,dmax,cdfc4c4,True
context+std,256,0.045706375036388636,178.5405274858931,5600.96922576311,dmax,cdfc4c4,True
context,256,0.030606582993641496,119.55696481891209,8364.213674332213,dmax,cdfc4c4,True
records,256,0.11471054190769792,448.088054326945,2231.704216043116,dmax,cdfc4c4,True
matrix,256,0.10147900017909706,396.4023444495979,2522.689418975293,dmax,cdfc4c4,True
context+std,1024,0.22193808387964964,216.73641003872035,4613.899435823211,dmax,cdfc4c4,True
context,1024,0.16681829188019037,162.9084881642484,6138.415568572308,dmax,cdfc4c4,True
records,1024,0.673018499976024,657.244628882836,1521.503495129004,dmax,cdfc4c4,True
matrix,1024,0.48511749994941056,473.74755854434625,2110.8288200421252,dmax,cdfc4c4,True
context+std,1,0.017166875069960952,17166.87506996095,58.25172000871762,pdc50,cdfc4c4,True
context,1,0.0018514171242713928,1851.4171242713928,540.1267963282668,pdc50,cdfc4c4,True
records,1,0.01845512492582202,18455.12492582202,54.18549069807819,pdc50,cdfc4c4,True
matrix,1,0.019086957909166813,19086.957909166813,52.391795736068254,pdc50,cdfc4c4,True
context+std,4,0.020688541932031512,5172.135483007878,193.3437365059984,pdc50,cdfc4c4,True
context,4,0.006170917069539428,1542.729267384857,648.2018725781618,pdc50,cdfc4c4,True
records,4,0.023544624913483858,5886.1562283709645,169.89015602067312,pdc50,cdfc4c4,True
matrix,4,0.0240641669370234,6016.04173425585,166.2222511366428,pdc50,cdfc4c4,True
context+std,16,0.017191708087921143,1074.4817554950714,930.6812283092199,pdc50,cdfc4c4,True
context,16,0.01352670812048018,845.4192575300112,1182.8450689917024,pdc50,cdfc4c4,True
records,16,0.027040292043238878,1690.01825270243,591.7095856218987,pdc50,cdfc4c4,True
matrix,16,0.023766042198985815,1485.3776374366134,673.2294702684143,pdc50,cdfc4c4,True
context+std,64,0.04358075000345707,680.9492188040167,1468.5382880038358,pdc50,cdfc4c4,True
context,64,0.011470625177025795,179.22851839102805,5579.469210464995,pdc50,cdfc4c4,True
records,64,0.051861375104635954,810.3339860099368,1234.0590636263125,pdc50,cdfc4c4,True
matrix,64,0.05284525011666119,825.7070330728311,1211.0833018807477,pdc50,cdfc4c4,True
context+std,256,0.11812120815739036,461.4109693648061,2167.2653369655122,pdc50,cdfc4c4,True
context,256,0.0674809159245342,263.5973278302117,3793.6651643301934,pdc50,cdfc4c4,True
records,256,0.21855816687457263,853.7428393537994,1171.3128988079163,pdc50,cdfc4c4,True
matrix,256,0.2032815827988088,794.0686828078469,1259.3369083187802,pdc50,cdfc4c4,True
context+std,1024,0.39886475005187094,389.5163574725302,2567.2862790377753,pdc50,cdfc4c4,True
context,1024,0.23893537488766015,233.3353270387306,4285.677666948447,pdc50,cdfc4c4,True
records,1024,0.8671804170589894,846.8558760341693,1180.8384735818395,pdc50,cdfc4c4,True
matrix,1024,0.8314843750558794,811.9964600155072,1231.5324625687438,pdc50,cdfc4c4,True
context+std,1,0.00903575005941093,9035.75005941093,110.67149859446127,activity,cdfc4c4,True
context,1,0.0015152499545365572,1515.2499545365572,659.9571225896208,activity,cdfc4c4,True
records,1,0.01037216605618596,10372.16605618596,96.41187718968305,activity,cdfc4c4,True
matrix,1,0.010551417013630271,10551.417013630271,94.7740003743767,activity,cdfc4c4,True
context+std,4,0.013634667033329606,3408.6667583324015,293.3698336909951,activity,cdfc4c4,True
context,4,0.004396582953631878,1099.1457384079695,909.7974591144076,activity,cdfc4c4,True
records,4,0.014451124938204885,3612.781234551221,276.7950603918091,activity,cdfc4c4,True
matrix,4,0.01435116701759398,3587.791754398495,278.72297737850545,activity,cdfc4c4,True
context+std,16,0.009705124888569117,606.5703055355698,1648.6135092238853,activity,cdfc4c4,True
context,16,0.004975333111360669,310.9583194600418,3215.8650771474217,activity,cdfc4c4,True
records,16,0.016505041858181357,1031.5651161363348,969.4007526596478,activity,cdfc4c4,True
matrix,16,0.014659625012427568,916.226563276723,1091.433101899683,activity,cdfc4c4,True
context+std,64,0.018471082905307412,288.6106703954283,3464.875358315374,activity,cdfc4c4,True
context,64,0.010127125075086951,158.2363292982336,6319.661258795157,activity,cdfc4c4,True
records,64,0.027917291037738323,436.2076724646613,2292.486040765396,activity,cdfc4c4,True
matrix,64,0.028025540988892317,437.89907795144245,2283.631207167985,activity,cdfc4c4,True
context+std,256,0.04975191713310778,194.34342630120227,5145.530358460155,activity,cdfc4c4,True
context,256,0.032894792035222054,128.49528138758615,7782.386942160581,activity,cdfc4c4,True
records,256,0.1196828328538686,467.51106583542423,2138.9868028322253,activity,cdfc4c4,True
matrix,256,0.10248533287085593,400.33333152678097,2497.9184126043806,activity,cdfc4c4,True
context+std,1024,0.241073208861053,235.42305552837206,4247.672335046576,activity,cdfc4c4,True
context,1024,0.168442458845675,164.49458871647948,6079.227333876531,activity,cdfc4c4,True
records,1024,0.5241788751445711,511.8934327583702,1953.5316063959576,activity,cdfc4c4,True
matrix,1024,0.5399305419996381,527.2759199215216,1896.540240542063,activity,cdfc4c4,True
