path,batch,seconds,us_per_mol,mol_per_s,task,config
context+std,1,0.011494959006085992,11494.959006085992,86.99465561125979,dmax,A
context,1,0.0019783328752964735,1978.3328752964735,505.4761069216624,dmax,A
records,1,0.01313391700387001,13133.91700387001,76.13874822761117,dmax,A
matrix,1,0.012739541009068489,12739.541009068489,78.49576364550042,dmax,A
context+std,4,0.016982290893793106,4245.5727234482765,235.53948198249086,dmax,A
context,4,0.007451583864167333,1862.8959660418332,536.7986287096528,dmax,A
records,4,0.026615459006279707,6653.864751569927,150.28859727935676,dmax,A
matrix,4,0.02131691691465676,5329.22922866419,187.64439604536534,dmax,A
context+std,16,0.016157125122845173,1009.8203201778233,990.2751806617498,dmax,A
context,16,0.006881416076794267,430.08850479964167,2325.1028307902666,dmax,A
records,16,0.02333949995227158,1458.7187470169738,685.5331105087689,dmax,A
matrix,16,0.02394312503747642,1496.4453148422763,668.2502795669476,dmax,A
context+std,64,0.040592707926407456,634.2610613501165,1576.6378561397971,dmax,A
context,64,0.02188237477093935,341.91210579592735,2924.7282650964603,dmax,A
records,64,0.06005841610021889,938.4127515659202,1065.6291683284458,dmax,A
matrix,64,0.06840216694399714,1068.7838584999554,935.6428730159773,dmax,A
context+std,256,0.1489232920575887,581.7316095999558,1719.0057811843476,dmax,A
context,256,0.10168129205703735,397.19254709780216,2517.6706041107223,dmax,A
records,256,0.30338004184886813,1185.0782884721411,843.8261081377563,dmax,A
matrix,256,0.27677045902237296,1081.1346055561444,924.9542053883216,dmax,A
context+std,1024,0.6165552497841418,602.104736117326,1660.8406146221382,dmax,A
context,1024,0.3936122921295464,384.38700403276016,2601.5447700067743,dmax,A
records,1024,1.321282333927229,1290.3147792258096,775.0046857558286,dmax,A
matrix,1024,1.2510952919255942,1221.772746021088,818.4828179026509,dmax,A
context+std,1,0.01154745789244771,11547.45789244771,86.59914669652287,dmax,B
context,1,0.0020317090675234795,2031.7090675234795,492.1964546916821,dmax,B
records,1,0.01258641597814858,12586.41597814858,79.45073496189157,dmax,B
matrix,1,0.013724958058446646,13724.958058446646,72.8599676400889,dmax,B
context+std,4,0.022002165904268622,5500.541476067156,181.80028354499242,dmax,B
context,4,0.007529208203777671,1882.3020509444177,531.2643629635661,dmax,B
records,4,0.02190024987794459,5475.062469486147,182.6463178407996,dmax,B
matrix,4,0.01922799996100366,4806.999990250915,208.0299567356151,dmax,B
context+std,16,0.013525584014132619,845.3490008832887,1182.9433748133843,dmax,B
context,16,0.007553708041086793,472.10675256792456,2118.1650009467394,dmax,B
records,16,0.020251624984666705,1265.726561541669,790.0600575071987,dmax,B
matrix,16,0.02616937505081296,1635.58594067581,611.4016849440566,dmax,B
context+std,64,0.03592916578054428,561.3932153210044,1781.2826601906838,dmax,B
context,64,0.02276508300565183,355.70442196330987,2811.322936275298,dmax,B
records,64,0.05946637503802776,929.1621099691838,1076.2384618042222,dmax,B
matrix,64,0.058784292079508305,918.5045637423173,1088.7262181100562,dmax,B
context+std,256,0.14152341592125595,552.825843442406,1808.8879379680827,dmax,B
context,256,0.08986683306284249,351.04231665172847,2848.659413879458,dmax,B
records,256,0.2613302920944989,1020.8214534941362,979.6032367630332,dmax,B
matrix,256,0.2695358751807362,1052.8745124247507,949.7808031244087,dmax,B
context+std,1024,0.5950898339506239,581.1424159674061,1720.7486022773562,dmax,B
context,1024,0.3721777081955224,363.45479315968987,2751.3738127003694,dmax,B
records,1024,1.2178036249242723,1189.2613524651097,840.8580653253321,dmax,B
matrix,1024,1.28220587503165,1252.1541748355958,798.6236999379865,dmax,B
context+std,1,0.006920791929587722,6920.791929587722,144.49213474036213,dmax,C
context,1,0.0012230419088155031,1223.0419088155031,817.6334701142697,dmax,C
records,1,0.00836499989964068,8364.99989964068,119.5457276745401,dmax,C
matrix,1,0.008241374976933002,8241.374976933002,121.33897593531734,dmax,C
context+std,4,0.011891625123098493,2972.906280774623,336.3711821213009,dmax,C
context,4,0.005514750024303794,1378.6875060759485,725.327527516531,dmax,C
records,4,0.014000083087012172,3500.020771753043,285.71259007103936,dmax,C
matrix,4,0.013039625016972423,3259.9062542431056,306.7572874828521,dmax,C
context+std,16,0.009450457990169525,590.6536243855953,1693.0396406865555,dmax,C
context,16,0.005569833097979426,348.11456862371415,2872.6174947332506,dmax,C
records,16,0.012291999999433756,768.2499999646097,1301.6596160703757,dmax,C
matrix,16,0.011827999958768487,739.2499974230304,1352.7223584523833,dmax,C
context+std,64,0.01405866607092321,219.66665735817514,4552.352241466763,dmax,C
context,64,0.008261749986559153,129.08984353998676,7746.542815277647,dmax,C
records,64,0.026180624961853027,409.07226502895355,2444.555853546369,dmax,C
matrix,64,0.02418825007043779,377.94140735059045,2645.912780528883,dmax,C
context+std,256,0.05268579116091132,205.80387172230985,4858.9950793019825,dmax,C
context,256,0.03523812489584088,137.64892537437845,7264.858750478389,dmax,C
records,256,0.11076683411374688,432.68294575682376,2311.1611164864803,dmax,C
matrix,256,0.11172341601923108,436.4195938251214,2291.3728305258264,dmax,C
context+std,1024,0.23204720811918378,226.6086016788904,4412.895153102012,dmax,C
context,1024,0.16230224980972707,158.4982908298116,6309.216299838561,dmax,C
records,1024,0.47652970906347036,465.3610440072953,2148.869169169913,dmax,C
matrix,1024,0.4621343328617513,451.303059435304,2215.8059403613543,dmax,C
context+std,1,0.006837208056822419,6837.208056822419,146.25853004460834,dmax,D
context,1,0.0012107500806450844,1210.7500806450844,825.934283206657,dmax,D
records,1,0.0080465420614928,8046.542061492801,124.27698660590599,dmax,D
matrix,1,0.008074166951701045,8074.166951701045,123.85178631825572,dmax,D
context+std,4,0.010026667034253478,2506.6667585633695,398.9361555874,dmax,D
context,4,0.005499084014445543,1374.7710036113858,727.3938695048848,dmax,D
records,4,0.013729250058531761,3432.3125146329403,291.3487614361195,dmax,D
matrix,4,0.013355165952816606,3338.7914882041514,299.509569115942,dmax,D
context+std,16,0.010823625139892101,676.4765712432563,1478.2477952816002,dmax,D
context,16,0.006151416804641485,384.4635502900928,2601.026805390162,dmax,D
records,16,0.013508375035598874,844.2734397249296,1184.4503841383512,dmax,D
matrix,16,0.013247333001345396,827.9583125840873,1207.7902773618694,dmax,D
context+std,64,0.01654866710305214,258.5729234851897,3867.3809559076944,dmax,D
context,64,0.009623584104701877,150.36850163596682,6650.328952674812,dmax,D
records,64,0.024475916987285018,382.4362029263284,2614.815209303387,dmax,D
matrix,64,0.023127999855205417,361.37499773758464,2767.20859567091,dmax,D
context+std,256,0.0485039169434458,189.46842556033516,5277.924261219744,dmax,D
context,256,0.04052345803938806,158.2947579663596,6317.328589064948,dmax,D
records,256,0.1061417090240866,414.61605087533826,2411.86996472712,dmax,D
matrix,256,0.104953917209059,409.9762390978867,2439.165748240444,dmax,D
context+std,1024,0.21487995889037848,209.84370985388523,4765.451395690168,dmax,D
context,1024,0.15117316716350615,147.63004605811147,6773.688870938718,dmax,D
records,1024,0.4610569169744849,450.25089548289543,2220.9839225916407,dmax,D
matrix,1024,0.4786652089096606,467.4464930758404,2139.282281101114,dmax,D
context+std,1,0.02613550005480647,26135.50005480647,38.26213379897027,pdc50,A
context,1,0.0030056661926209927,3005.6661926209927,332.7049432352243,pdc50,A
records,1,0.028329875087365508,28329.875087365508,35.29842602256929,pdc50,A
matrix,1,0.028369541047140956,28369.541047140956,35.24907217703399,pdc50,A
context+std,4,0.03892974997870624,9732.43749467656,102.74918287910701,pdc50,A
context,4,0.01247995812445879,3119.9895311146975,320.5138959689791,pdc50,A
records,4,0.043024125043302774,10756.031260825694,92.97109461201346,pdc50,A
matrix,4,0.041846249951049685,10461.562487762421,95.58801576435316,pdc50,A
context+std,16,0.03331700013950467,2082.312508719042,480.2353132936618,pdc50,A
context,16,0.015526292147114873,970.3932591946796,1030.5100437629696,pdc50,A
records,16,0.04628720902837813,2892.950564273633,345.6678494093388,pdc50,A
matrix,16,0.040835707914084196,2552.2317446302623,391.8139495380614,pdc50,A
context+std,64,0.07859279215335846,1228.012377396226,814.324039730215,pdc50,A
context,64,0.034749875077977777,542.9667980934028,1841.733239511962,pdc50,A
records,64,0.1157759998459369,1808.999997592764,552.7915983033166,pdc50,A
matrix,64,0.1225258749909699,1914.4667967339046,522.3386489157231,pdc50,A
context+std,256,0.2763068750500679,1079.3237306643277,926.506081159261,pdc50,A
context,256,0.15062041697092354,588.3610037926701,1699.6367766623525,pdc50,A
records,256,0.500605917070061,1955.4918635549257,511.3802919036856,pdc50,A
matrix,256,0.5460938750766218,2133.179199518054,468.7838697404928,pdc50,A
context+std,1024,1.1862217499874532,1158.4196777221223,863.2450045793132,pdc50,A
context,1024,0.6824521671514958,666.4571944838826,1500.4714605480692,pdc50,A
records,1024,2.209667584160343,2157.878500156585,463.418121051503,pdc50,A
matrix,1024,2.272712874924764,2219.446166918715,450.56285433059753,pdc50,A
context+std,1,0.025634999852627516,25634.999852627516,39.0091673785402,pdc50,B
context,1,0.0031938329339027405,3193.8329339027405,313.1034154557479,pdc50,B
records,1,0.027804083190858364,27804.083190858364,35.96594043887725,pdc50,B
matrix,1,0.02888170792721212,28881.70792721212,34.623991161471714,pdc50,B
context+std,4,0.03609658312052488,9024.14578013122,110.81381267152567,pdc50,B
context,4,0.011089249979704618,2772.3124949261546,360.70969698768994,pdc50,B
records,4,0.041246374836191535,10311.593709047884,96.97821968320497,pdc50,B
matrix,4,0.04078016709536314,10195.041773840785,98.08689578554511,pdc50,B
context+std,16,0.032364041078835726,2022.7525674272329,494.37584018094407,pdc50,B
context,16,0.012524417135864496,782.776070991531,1277.504559807653,pdc50,B
records,16,0.041709375102072954,2606.8359438795596,383.60680208811857,pdc50,B
matrix,16,0.04130558297038078,2581.598935648799,387.35683772997965,pdc50,B
context+std,64,0.07669966598041356,1198.4322809439618,834.4234512878243,pdc50,B
context,64,0.04404500010423362,688.2031266286504,1453.0593676590386,pdc50,B
records,64,0.12967079086229205,2026.1061072233133,493.5575666224385,pdc50,B
matrix,64,0.1190407918766141,1860.0123730720952,537.6308321800822,pdc50,B
context+std,256,0.2885228330269456,1127.0423165115062,887.2781308649211,pdc50,B
context,256,0.15808520885184407,617.5203470775159,1619.3798386281712,pdc50,B
records,256,0.4677579158451408,1827.1793587700813,547.2916466575697,pdc50,B
matrix,256,0.44318945799022913,1731.2088202743325,577.6310681235652,pdc50,B
context+std,1024,1.1847382502164692,1156.9709474770207,864.3259385040536,pdc50,B
context,1024,0.6149783339351416,600.5647792335367,1665.0993108124615,pdc50,B
records,1024,2.2861003750003874,2232.519897461316,447.92433928008364,pdc50,B
matrix,1024,2.2645532919559628,2211.477824175745,452.186311374258,pdc50,B
context+std,1,0.01661279099062085,16612.79099062085,60.194581426117615,pdc50,C
context,1,0.0018799579702317715,1879.9579702317715,531.9267855103774,pdc50,C
records,1,0.018213958013802767,18213.958013802767,54.90294856517114,pdc50,C
matrix,1,0.01844745804555714,18447.45804555714,54.20801053079715,pdc50,C
context+std,4,0.020894624991342425,5223.656247835606,191.43679303444682,pdc50,C
context,4,0.006408708868548274,1602.1772171370685,624.1506802767428,pdc50,C
records,4,0.023783958051353693,5945.989512838423,168.18058589589276,pdc50,C
matrix,4,0.024125416995957494,6031.354248989373,165.80024298316786,pdc50,C
context+std,16,0.01847883383743465,1154.9271148396656,865.8555047768763,pdc50,C
context,16,0.007856875192373991,491.05469952337444,2036.4330103563127,pdc50,C
records,16,0.02364966692402959,1478.1041827518493,676.5422976736711,pdc50,C
matrix,16,0.023625416914001107,1476.5885571250692,677.2367259482281,pdc50,C
context+std,64,0.03105241688899696,485.1940138905775,2061.031198594967,pdc50,C
context,64,0.014257416827604175,222.77213793131523,4488.891695730453,pdc50,C
records,64,0.049734999891370535,777.1093733026646,1286.820149588551,pdc50,C
matrix,64,0.04657687502913177,727.7636723301839,1374.0724331542388,pdc50,C
context+std,256,0.10523529187776148,411.0753588975058,2432.6439869370324,pdc50,C
context,256,0.06908837496303022,269.8764646993368,3705.399065139219,pdc50,C
records,256,0.19445816590450704,759.6022105644806,1316.4785279611988,pdc50,C
matrix,256,0.1947170840576291,760.6136096001137,1314.7279872177699,pdc50,C
context+std,1024,0.4101724170614034,400.55900103652675,2496.5111192416084,pdc50,C
context,1024,0.2506355831865221,244.761311705588,4085.6130122511086,pdc50,C
records,1024,0.8872531249653548,866.4581298489793,1154.123858442296,pdc50,C
matrix,1024,0.9154070001095533,893.9521485444857,1118.628107363665,pdc50,C
context+std,1,0.016414124984294176,16414.124984294176,60.923137904508955,pdc50,D
context,1,0.0018344169948250055,1834.4169948250055,545.1323242321985,pdc50,D
records,1,0.0189563340973109,18956.3340973109,52.75281575364604,pdc50,D
matrix,1,0.018201916944235563,18201.916944235563,54.93926837836132,pdc50,D
context+std,4,0.022082666866481304,5520.666716620326,181.1375421358864,pdc50,D
context,4,0.007047625025734305,1761.9062564335763,567.5670861310094,pdc50,D
records,4,0.03004683298058808,7511.70824514702,133.1255111839648,pdc50,D
matrix,4,0.02497120900079608,6242.80225019902,160.18447484350799,pdc50,D
context+std,16,0.01865079184062779,1165.6744900392368,857.8724236869418,pdc50,D
context,16,0.007213500095531344,450.843755970709,2218.0633240598086,pdc50,D
records,16,0.02405079104937613,1503.1744405860081,665.2587836779296,pdc50,D
matrix,16,0.02327333320863545,1454.5833255397156,687.4821005039056,pdc50,D
context+std,64,0.030242749955505133,472.5429680547677,2116.209673199708,pdc50,D
context,64,0.014508666936308146,226.69792087981477,4411.156468127274,pdc50,D
records,64,0.04891050001606345,764.2265627509914,1308.5124866640247,pdc50,D
matrix,64,0.046966249821707606,733.8476534641813,1362.680653510885,pdc50,D
context+std,256,0.10635025007650256,415.43066436133813,2407.140555060732,pdc50,D
context,256,0.06288779200986028,245.6554375385167,4070.7423781051393,pdc50,D
records,256,0.19571608304977417,764.5159494131804,1308.0171849489473,pdc50,D
matrix,256,0.21958958311006427,857.7718090236885,1165.8112209798487,pdc50,D
context+std,1024,0.4137882499489933,404.0900878408138,2474.6956930899464,pdc50,D
context,1024,0.2663794169202447,260.13614933617646,3844.1408568237484,pdc50,D
records,1024,0.8810297499876469,860.3806152223115,1162.2763022637519,pdc50,D
matrix,1024,0.8676426250021905,847.3072509787016,1180.2094208977053,pdc50,D
context+std,1,0.01439808402210474,14398.08402210474,69.45368553654392,activity,A
context,1,0.002736249938607216,2736.249938607216,365.4636902464444,activity,A
records,1,0.01636258279904723,16362.582799047232,61.115045972951684,activity,A
matrix,1,0.016197165939956903,16197.165939956903,61.73919583876664,activity,A
context+std,4,0.020016458118334413,5004.114529583603,199.83555414012693,activity,A
context,4,0.00781766721047461,1954.4168026186526,511.6615855226664,activity,A
records,4,0.023429499939084053,5857.374984771013,170.72494122366552,activity,A
matrix,4,0.022987666074186563,5746.916518546641,174.00635571662937,activity,A
context+std,16,0.015818166080862284,988.6353800538927,1011.4952591980754,activity,A
context,16,0.007837082957848907,489.81768486555666,2041.5759391669908,activity,A
records,16,0.022247707936912775,1390.4817460570484,719.175208761764,activity,A
matrix,16,0.0237058331258595,1481.6145703662187,674.9393668238728,activity,A
context+std,64,0.03889058413915336,607.6653771742713,1645.642548618023,activity,A
context,64,0.021594290854409337,337.4107946001459,2963.746317556515,activity,A
records,64,0.07252599997445941,1133.2187496009283,882.4421589848895,activity,A
matrix,64,0.06771937501616776,1058.1152346276212,945.0766488131385,activity,A
context+std,256,0.15278574987314641,596.8193354419782,1675.54893183788,activity,A
context,256,0.09317737491801381,363.97412077349145,2747.4480819539376,activity,A
records,256,0.2723431249614805,1063.8403318807832,939.9906828424913,activity,A
matrix,256,0.22794095799326897,890.3943671612069,1123.0978506616595,activity,A
context+std,1024,0.6258542921859771,611.1858322128683,1636.163581180188,activity,A
context,1024,0.4191437498666346,409.32006822913536,2443.0759144704457,activity,A
records,1024,1.2960624999832362,1265.686035139879,790.0853546902598,activity,A
matrix,1024,1.3354358340147883,1304.1365566550667,766.7908662608648,activity,A
context+std,1,0.013355958042666316,13355.958042666316,74.8729515924988,activity,B
context,1,0.0024372090119868517,2437.2090119868517,410.3053923901192,activity,B
records,1,0.014947625109925866,14947.625109925866,66.90025958277191,activity,B
matrix,1,0.01492774998769164,14927.74998769164,66.98933200412176,activity,B
context+std,4,0.01983879180625081,4959.697951562703,201.6251815667363,activity,B
context,4,0.007840374950319529,1960.0937375798821,510.1796821384139,activity,B
records,4,0.022892042063176632,5723.010515794158,174.7332102990613,activity,B
matrix,4,0.023998874938115478,5999.718734528869,166.67447996268868,activity,B
context+std,16,0.01756208296865225,1097.6301855407655,911.0536619465631,activity,B
context,16,0.008728750050067902,545.5468781292439,1833.0230454789498,activity,B
records,16,0.02428291691467166,1517.6823071669787,658.89942531298,activity,B
matrix,16,0.02203433378599584,1377.14586162474,726.1394946358203,activity,B
context+std,64,0.04718745802529156,737.3040316451807,1356.2925971917632,activity,B
context,64,0.021994790993630886,343.6686092754826,2909.7798664480474,activity,B
records,64,0.0674253748729825,1053.5214823903516,949.1975405485649,activity,B
matrix,64,0.06388216698542237,998.1588591472246,1001.8445369050257,activity,B
context+std,256,0.15106116700917482,590.0826836295892,1694.6777591387972,activity,B
context,256,0.09944512508809566,388.4575198753737,2574.284056390062,activity,B
records,256,0.26312629086896777,1027.8370737069054,972.9168421542622,activity,B
matrix,256,0.2296922921668738,897.2355162768508,1114.5345696407321,activity,B
context+std,1024,0.6251546659041196,610.5026034219918,1637.9946529217004,activity,B
context,1024,0.39857458299957216,389.2329912105197,2569.1552940823103,activity,B
records,1024,1.321754917036742,1290.7762861686933,774.7275889056027,activity,B
matrix,1024,1.3011593341361731,1270.6634122423566,786.9904731381906,activity,B
context+std,1,0.009300833102315664,9300.833102315664,107.51725022901724,activity,C
context,1,0.0015525419730693102,1552.5419730693102,644.1049693639148,activity,C
records,1,0.010346542112529278,10346.542112529278,96.65064802558888,activity,C
matrix,1,0.010264249984174967,10264.249984174967,97.42553051043791,activity,C
context+std,4,0.012580083915963769,3145.0209789909422,317.96290284869355,activity,C
context,4,0.0048950419295579195,1223.7604823894799,817.1533681553668,activity,C
records,4,0.015520500019192696,3880.125004798174,257.7236554913558,activity,C
matrix,4,0.015320207923650742,3830.0519809126854,261.0930621786768,activity,C
context+std,16,0.011480167042464018,717.5104401540011,1393.7079435183791,activity,C
context,16,0.006253791972994804,390.8619983121753,2558.447749635962,activity,C
records,16,0.015376041177660227,961.0025736037642,1040.579939604111,activity,C
matrix,16,0.014912457903847098,932.0286189904436,1072.9284269008624,activity,C
context+std,64,0.017472082981839776,273.0012965912465,3662.98626594898,activity,C
context,64,0.008392125135287642,131.1269552388694,7626.197055962558,activity,C
records,64,0.028553958050906658,446.15559454541653,2241.3705268425247,activity,C
matrix,64,0.026697374880313873,417.14648250490427,2397.2394397170624,activity,C
context+std,256,0.05943220783956349,232.15706187329488,4307.428737816183,activity,C
context,256,0.04018220887519419,156.9617534187273,6370.978778074026,activity,C
records,256,0.10514845792204142,410.7361637579743,2434.65291892157,activity,C
matrix,256,0.10738991596736014,419.49185924750054,2383.836486824406,activity,C
context+std,1024,0.23109050001949072,225.6743164252839,4431.164413567989,activity,C
context,1024,0.1757556670345366,171.63639358841465,5826.270169705426,activity,C
records,1024,0.5488407909870148,535.9773349482566,1865.7505360679854,activity,C
matrix,1024,0.5087282499298453,496.8049315721146,2012.8624666336334,activity,C
context+std,1,0.008894165977835655,8894.165977835655,112.43325146978472,activity,D
context,1,0.0018685001414269209,1868.500141426921,535.1886134920644,activity,D
records,1,0.010570083977654576,10570.083977654576,94.60662773484347,activity,D
matrix,1,0.010177208110690117,10177.208110690117,98.25877481561983,activity,D
context+std,4,0.012794666923582554,3198.6667308956385,312.63025633182997,activity,D
context,4,0.004926041001453996,1231.510250363499,812.0111056362176,activity,D
records,4,0.01545062498189509,3862.6562454737723,258.889203814549,activity,D
matrix,4,0.014631584053859115,3657.8960134647787,273.38119955268894,activity,D
context+std,16,0.009988291887566447,624.268242972903,1601.8754938386417,activity,D
context,16,0.0067102499306201935,419.3906206637621,2384.4119318102958,activity,D
records,16,0.014196375152096152,887.2734470060095,1127.0482660947105,activity,D
matrix,16,0.0155585000757128,972.40625473205,1028.3767665352518,activity,D
context+std,64,0.014573165914043784,227.70571740693413,4391.633250968814,activity,D
context,64,0.013745875097811222,214.77929840330034,4655.942204086434,activity,D
records,64,0.03150133299641311,492.20832806895487,2031.6600572835232,activity,D
matrix,64,0.028897959040477872,451.53061000746675,2214.6892765109847,activity,D
context+std,256,0.06369025004096329,248.79003922251286,4019.4535244460485,activity,D
context,256,0.040983041981235147,160.0900077391998,6246.48604945466,activity,D
records,256,0.10568583384156227,412.8352884436026,2422.2735507180605,activity,D
matrix,256,0.11346929101273417,443.23941801849287,2256.1170314465985,activity,D
context+std,1024,0.22997679095715284,224.58670991909457,4452.623222274557,activity,D
context,1024,0.16979900002479553,165.8193359617144,6030.659779212284,activity,D
records,1024,0.5403408329002559,527.6765946291562,1895.100162065718,activity,D
matrix,1024,0.5204149580094963,508.21773243114876,1967.6605836170345,activity,D
